INSERT INTO weizhu_admin
(admin_id, admin_name, admin_email, admin_email_unique, admin_password, force_reset_password, state) 
VALUES 
(1, '多公司超级管理员', 'root@weizhu.com', 'root@weizhu.com', '7e31cc072286d9d2eaf71ee4b435f9ac9ab5e04b', 0, 'NORMAL'), 
(2, '单公司超级管理员', 'single@weizhu.com', 'single@weizhu.com', '7e31cc072286d9d2eaf71ee4b435f9ac9ab5e04b', 0, 'NORMAL'), 
(3, '已停用管理员', 'test@weizhu.com', 'test@weizhu.com', '7e31cc072286d9d2eaf71ee4b435f9ac9ab5e04b', 0, 'DISABLE'), 
(4, '已删管理员', 'test@weizhu.com', NULL, '7e31cc072286d9d2eaf71ee4b435f9ac9ab5e04b', 0, 'DELETE');

INSERT INTO weizhu_admin_company 
(admin_id, company_id, enable_team_permit) 
VALUES 
(1, 0, 0),
(1, 1, 0),
(2, 0, 1),
(3, 0, 1),
(4, 0, 0);

INSERT INTO weizhu_admin_company_role
(admin_id, company_id, role_id)
VALUES
(1, 0, 1),
(1, 0, 2),
(1, 0, 3),
(1, 0, 4),
(1, 0, 5),
(1, 0, 6),
(1, 0, 7),
(1, 0, 8),
(1, 0, 9),
(1, 0, 10),
(1, 0, 11),
(1, 0, 12),

(2, 0, 102),
(2, 0, 103),
(3, 0, 104),
(3, 0, 105);

INSERT INTO weizhu_admin_company_team_permit
(admin_id, company_id, permit_team_id)
VALUES
(2, 0, 4),
(3, 0, 102),
(3, 0, 103);


INSERT INTO weizhu_admin_role 
(company_id, role_id, role_name, state)
VALUES
(NULL, 1, '管理员帐号管理', 'NORMAL'),
(NULL, 2, '人员管理', 'NORMAL'),
(NULL, 3, '企业管理（包括部门、职务、职级）', 'NORMAL'),
(NULL, 4, '考试题库管理', 'NORMAL'),
(NULL, 5, '考试调研管理', 'NORMAL'),
(NULL, 6, 'APP板块管理（包括社区、发现）', 'NORMAL'),
(NULL, 7, '课件管理', 'NORMAL'),
(NULL, 8, '社区内容管理', 'NORMAL'),
(NULL, 9, '服务号管理', 'NORMAL'),
(NULL, 10, '积分商城管理', 'NORMAL'),
(NULL, 11, '请假管理', 'NORMAL'),
(NULL, 12, '问答管理', 'NORMAL'),

(NULL, 101, '通用角色', 'NORMAL'),
(NULL, 102, '通用已删除角色', 'DELETE'),
(NULL, 103, '通用已停用角色', 'DISABLE'),
(0, 104, '正常角色', 'NORMAL'),
(0, 105, '正常已删除角色', 'DELETE'),
(0, 106, '正常已停用角色', 'DISABLE');

INSERT INTO weizhu_admin_role_permission (role_id, permission_id) VALUES 
(1, 'system/role/list'), 
(1, 'system/role/create'),  
(1, 'system/role/update'), 
(1, 'system/role/delete'), 
(1, 'system/admin/list'), 
(1, 'system/admin/create'),  
(1, 'system/admin/update'),  
(1, 'system/admin/delete'),
(2, 'company/user/list'), 
(2, 'company/user/create'),  
(2, 'company/user/update'), 
(2, 'company/user/delete'), 
(2, 'company/user/import'), 
(2, 'company/user/export'), 
(2, 'company/user/set_expert'), 
(2, 'company/user/set_state'), 
(2, 'company/user/list_session'), 
(2, 'company/user/delete_session'),  
(3, 'company/team/list'), 
(3, 'company/team/create'),  
(3, 'company/team/update'), 
(3, 'company/team/delete'), 
(3, 'company/position/list'), 
(3, 'company/position/create'), 
(3, 'company/position/update'), 
(3, 'company/position/delete'), 
(3, 'company/level/list'), 
(3, 'company/level/create'), 
(3, 'company/level/update'), 
(3, 'company/level/delete'), 

(4, 'exam/category/list'), 
(4, 'exam/category/create'), 
(4, 'exam/category/update'), 
(4, 'exam/category/delete'), 
(4, 'exam/category/list_question'), 
(4, 'exam/category/create_question'), 
(4, 'exam/category/update_question'), 
(4, 'exam/category/delete_question'), 
(4, 'exam/category/import_question'), 
(4, 'exam/category/move_question'), 
(4, 'exam/exam/list'), 
(4, 'exam/exam/create'), 
(4, 'exam/exam/update'), 
(4, 'exam/exam/delete'), 
(4, 'exam/exam/makeup'), 
(4, 'exam/exam/list_result'), 
(4, 'exam/exam/export_result'), 

(5, 'exam/category/list'), 
(5, 'exam/category/list_question'), 
(5, 'exam/category/create_question'), 
(5, 'exam/category/update_question'), 
(5, 'exam/category/import_question'), 
(5, 'exam/exam/list'), 
(5, 'exam/exam/create'), 
(5, 'exam/exam/update'), 
(5, 'exam/exam/delete'), 
(5, 'exam/exam/makeup'), 
(5, 'exam/exam/list_result'), 
(5, 'exam/exam/export_result'), 
(5, 'survey/survey/list'), 
(5, 'survey/survey/create'), 
(5, 'survey/survey/update'), 
(5, 'survey/survey/delete'), 
(5, 'survey/survey/set_state'), 
(5, 'survey/survey/list_result'), 
(5, 'survey/survey/export_result'), 

(6, 'community/board/update_name'), 
(6, 'community/board/list'), 
(6, 'community/board/create'), 
(6, 'community/board/update'), 
(6, 'community/board/delete'), 
(6, 'community/board/update_order'), 
(6, 'community/board/list_tag'), 
(6, 'community/board/update_tag'), 
(6, 'community/post/list'), 
(6, 'community/post/create'), 
(6, 'community/post/delete'), 
(6, 'community/post/export'), 
(6, 'community/post/recommend'), 
(6, 'community/post/sticky'), 
(6, 'community/post/move'), 
(6, 'community/post/create_comment'), 
(6, 'community/post/delete_comment'), 
(6, 'community/post/export_comment'), 
(6, 'community/post/export_like'), 
(6, 'discover/module/list'), 
(6, 'discover/module/create'), 
(6, 'discover/module/update'), 
(6, 'discover/module/delete'), 
(6, 'discover/module/set_state'), 
(6, 'discover/module/update_order'), 
(6, 'discover/module/create_category'), 
(6, 'discover/module/update_category'), 
(6, 'discover/module/delete_category'), 
(6, 'discover/module/set_category_state'), 
(6, 'discover/module/update_category_order'), 
(6, 'discover/module/list_category_item'), 
(6, 'discover/module/add_category_item'), 
(6, 'discover/module/delete_category_item'), 
(6, 'discover/banner/list'), 
(6, 'discover/banner/create'), 
(6, 'discover/banner/update'), 
(6, 'discover/banner/delete'), 
(6, 'discover/banner/set_state'), 
(6, 'discover/banner/update_order'), 
(6, 'discover/item/list'), 
(6, 'discover/item/create'), 
(6, 'discover/item/update'), 
(6, 'discover/item/delete'), 
(6, 'discover/item/set_state'), 
(6, 'discover/item/export'), 
(6, 'discover/item/show_detail'), 
(6, 'discover/item/export_comment'), 
(6, 'discover/item/export_learn'), 
(6, 'discover/item/export_score'), 
(6, 'discover/item/export_like'), 

(7, 'discover/item/list'), 
(7, 'discover/item/create'), 
(7, 'discover/item/update'), 
(7, 'discover/item/delete'), 
(7, 'discover/item/set_state'), 
(7, 'discover/item/export'), 
(7, 'discover/item/show_detail'), 
(7, 'discover/item/export_comment'), 
(7, 'discover/item/export_learn'), 
(7, 'discover/item/export_score'), 
(7, 'discover/item/export_like'), 

(8, 'community/post/list'), 
(8, 'community/post/create'), 
(8, 'community/post/delete'), 
(8, 'community/post/export'), 
(8, 'community/post/recommend'), 
(8, 'community/post/sticky'), 
(8, 'community/post/move'), 
(8, 'community/post/create_comment'), 
(8, 'community/post/delete_comment'), 
(8, 'community/post/export_comment'), 
(8, 'community/post/export_like'), 

(9, 'official/official/list'), 
(9, 'official/official/create'), 
(9, 'official/official/update'), 
(9, 'official/official/set_state'), 
(9, 'official/official/list_message'), 
(9, 'official/official/send_message'), 
(9, 'official/official/cancel_message'), 

(10, 'credits/overview/list'), 
(10, 'credits/overview/detail'), 
(10, 'credits/overview/update'), 
(10, 'credits/overview/clean'), 
(10, 'credits/grant/list'), 
(10, 'credits/grant/create'), 
(10, 'credits/grant/list_user'), 
(10, 'credits/exchange/list'), 
(10, 'credits/rule/list'), 
(10, 'credits/rule/update'), 

(11, 'absence/absence/list'), 
(11, 'absence/absence/update'), 
(11, 'absence/absence/export'), 

(12, 'qa/category/list'), 
(12, 'qa/category/create'), 
(12, 'qa/category/update'), 
(12, 'qa/category/delete'), 
(12, 'qa/question/list'), 
(12, 'qa/question/create'), 
(12, 'qa/question/import'), 
(12, 'qa/question/move'), 
(12, 'qa/question/delete'), 
(12, 'qa/question/create_answer'), 
(12, 'qa/question/delete_answer'), 

(101, 'company/user/list'), 
(101, 'company/admin/create'), 
(101, 'company/user/update'), 
(102, 'company/user/list'), 
(102, 'company/admin/create'), 
(102, 'company/user/update'), 
(103, 'company/user/list'), 
(103, 'company/user/update'), 
(104, 'company/user/list'), 
(104, 'company/user/update'),  
(105, 'company/user/list'), 
(105, 'company/user/update');